title,embed_url,question_text,correct_answer,incorrect_answer_1,incorrect_answer_2,incorrect_answer_3
Mrs. Doubtfire - I Do Voices,https://www.youtube.com/embed/6wC2DqFJ7UE?start=27&end=84,What did the woman ask the man if he had?,The woman asked the man if he had special skills.,If he had any previous job,If he was married,If he had kids
Mrs. Doubtfire - I Do Voices,https://www.youtube.com/embed/6wC2DqFJ7UE?start=27&end=84,What did the man say he does?,He said he does voices.,He teaches voice lessons.,He said he does magic tricks.,He said he does stand up comedy.
Mrs. Doubtfire - I Do Voices,https://www.youtube.com/embed/6wC2DqFJ7UE?start=27&end=84,What is the woman thinking while the man is speaking in different voices?,She is not amused by the man and considers him immature.,She is entertained by the voices.,She is thinking she wants him to keep on going,She was thinking about calling security.
Mrs. Doubtfire - I Do Voices,https://www.youtube.com/embed/6wC2DqFJ7UE?start=27&end=84,What was the man’s goal in talking in different voices?,To demonstrate his special skills that might help him land a job.,To make the woman laugh,To show his favorite hobby.,To ask the woman for a job.
Mrs. Doubtfire - I Do Voices,https://www.youtube.com/embed/6wC2DqFJ7UE?start=27&end=84,Where does the scene take place?,The scene takes place in an office.,In a restaurant.,In a coffee shop.,In a comedy club.
Mrs. Doubtfire - I Do Voices,https://www.youtube.com/embed/6wC2DqFJ7UE?start=27&end=84,"Why does the man say ""I used to"" at the end of the clip?",Because he is aware that she is not amused by him,Because he is trying to be funny.,Because she asked him if he does stand up comedy and he used to do that.,Because she asks him if he has a wife.
Wonder - School Tour Scene,https://www.youtube.com/embed/ceWNY5eNSWY?start=40&end=100,How does the girl feel about Julian asking about Auggie’s face?,She thinks Julian is being inappropriate and rude.,She thinks Julian is being polite.,She feels Julian is funny.,She likes Auggie more because Julian asked.
Wonder - School Tour Scene,https://www.youtube.com/embed/ceWNY5eNSWY?start=40&end=100,What are these kids doing in the room in this clip?,The kids are taking a tour of a science classroom/laboratory.,The kids are playing catch in the room.,The kids are working on a science project.,The kids are drawing on the black board.
Wonder - School Tour Scene,https://www.youtube.com/embed/ceWNY5eNSWY?start=40&end=100,What do you think the other kids think about Julian’s questions?,"That Julian is very rude, inconsiderate, and he is being a bully for making Auggie feel uncomfortable.",The other kids are thankful to Julian for asking the question that they didn’t dare ask.,That Julian is just curious.,That Julian is just trying to be funny.
Wonder - School Tour Scene,https://www.youtube.com/embed/ceWNY5eNSWY?start=40&end=100,Why do you think the main character was shy and not talking?,He suffers from a physical disfigurement and may be self-conscious about it and shy.,He says that he suffers from a speech impediment.,He does not like the others present.,Because he had gotten into a fight.
Wonder - School Tour Scene,https://www.youtube.com/embed/ceWNY5eNSWY?start=40&end=100,Why does Julian assume Auggie may not know much about science?,Because he knows that Auggie was home schooled.,Because Auggie told him he doesn't know much about science.,Because Auggie has a learning disability.,He was held back a grade.
Wonder - School Tour Scene,https://www.youtube.com/embed/ceWNY5eNSWY?start=40&end=100,Why was Julian's question about Auggie’s face rude?,"It's generally considered impolite to ask blunt questions about disabilities, at least not unless the person with the disability brings it up first.",It is rude to ask about his face without using proper medical terminology.,Because he made fun his mother.,Because he was being nosy.
The Big Bang Theory - Positive Reinforcement,https://www.youtube.com/embed/JA96Fba-WHk?start=0&end=88,How would the girl (Penny) feel when she finds out why she was offered chocolate repeatedly?,She may feel hurt for being used.,She would be happy she was getting chocolate,She would be ok with it because she needed to change her behavior.,She would feel appreciated for being a good friend.
The Big Bang Theory - Positive Reinforcement,https://www.youtube.com/embed/JA96Fba-WHk?start=0&end=88,What does the boy (Sheldon) offer the girl (Penny)?,He offers her chocolates,He offers her potato chips.,He offers her popcorn,He offers her cookies.
The Big Bang Theory - Positive Reinforcement,https://www.youtube.com/embed/JA96Fba-WHk?start=0&end=88,Why does the boy (Sheldon) keep offering chocolate to the girl?,The boy keeps offering the girl chocolate to reward her for behaviors he likes.,Because he knows she likes chocolate,Because he has too much chocolate,He doesn't like chocolate so he's trying to get rid of it
The Big Bang Theory - Positive Reinforcement,https://www.youtube.com/embed/JA96Fba-WHk?start=0&end=88,Why does the girl (Penny) leave the room?,She leaves to talk on the cell phone.,She leaves to go to the bathroom.,She leaves to get the mail,She leaves to go to school.
The Big Bang Theory - Positive Reinforcement,https://www.youtube.com/embed/JA96Fba-WHk?start=0&end=88,Why does the girl get up to take her phone call?,She does it because the boys are watching TV and she does not want to bother him.,She does it because she can't hear in the room she is in.,She does it because she has bad phone reception in the room.,She does it because she doesn't want the boys to hear her conversation.
The Office (US) - Jim and Dwight's Party Planning,https://www.youtube.com/embed/RK78IKPzeNc?start=168&end=203,How might Kelly have reacted to Jim and Dwight if the cake had been decorated to her liking?,She would have been happy and appreciative.,She would have told them she doesn't like cake.,She would have thrown it at them.,She would have say that she was on a diet.
The Office (US) - Jim and Dwight's Party Planning,https://www.youtube.com/embed/RK78IKPzeNc?start=168&end=203,What did the guy take out of the refrigerator?,He took a cake out of the fridge,He took a sandwich for his lunch,He took out a beer.,He found a mouse and got rid of it.
The Office (US) - Jim and Dwight's Party Planning,https://www.youtube.com/embed/RK78IKPzeNc?start=168&end=203,What does Kelly think about her two coworkers in the clip?,She is upset with them for forgetting her birthday,She thought they were cute.,She is happy with them for knowing that she liked plain cake,She thought they stole something from the refrigerator
The Office (US) - Jim and Dwight's Party Planning,https://www.youtube.com/embed/RK78IKPzeNc?start=168&end=203,What might Jim have done differently to make Kelly happy?,He should have had the cake decorated.,He should have given her money.,He should have told her she liked what she was wearing.,He should have bought her a pie.
The Office (US) - Jim and Dwight's Party Planning,https://www.youtube.com/embed/RK78IKPzeNc?start=168&end=203,What might the woman (Kelly) do with the cake?,She might not eat it or throw it away.,She might take a picture of it and put it on Facebook.,She might take it for another party.,She would eat it because she was depressed.
The Office (US) - Jim and Dwight's Party Planning,https://www.youtube.com/embed/RK78IKPzeNc?start=168&end=203,Why was the cake given to Kelly without anything on it?,The guy in charge of the cake did not know how to spell her name.,They didn't have enough money to add anything to it.,because it was bought last minute,Kelly asked for a plain cake with nothing on it.
The Office (US) - Jim and Dwight's Party Planning,https://www.youtube.com/embed/RK78IKPzeNc?start=168&end=203,Why was the woman (Kelly) upset with the cake?,It wasn't decorated and didn't have her name on it.,It made her feel old because they thought it was her birthday.,Because it is too small,It didn't come from her favorite cake store.
The Devil Wears Prada - You Think This Has Nothing to Do with You,https://www.youtube.com/embed/vRP9ShmQrog?start=63&end=169,How does the girl in the blue sweater feel after she is given the lecture from the older lady?,She feels embarrassed and ashamed.,She feels empowered and smart.,She feel happy because her boss compliments her.,She is filled with rage and throws papers at the older lady.
The Devil Wears Prada - You Think This Has Nothing to Do with You,https://www.youtube.com/embed/vRP9ShmQrog?start=63&end=169,How does the woman with short gray hair feel about the lady in the blue sweater laughing?,She thinks she is our of her place/element.,She finds her cute and innocent.,The lady feels amused and invites her for tea.,The lady feels sad because the girl is laughing at her.
The Devil Wears Prada - You Think This Has Nothing to Do with You,https://www.youtube.com/embed/vRP9ShmQrog?start=63&end=169,What two similar accessories is the older woman holding up?,Two teal belts,Two sets of earings.,Two purses,Two pairs of shoes
The Devil Wears Prada - You Think This Has Nothing to Do with You,https://www.youtube.com/embed/vRP9ShmQrog?start=63&end=169,Where does the scene take place?,In an office,At the library,In a department store,Inside the woman's home
The Devil Wears Prada - You Think This Has Nothing to Do with You,https://www.youtube.com/embed/vRP9ShmQrog?start=63&end=169,Why are the fashion designers upset at her snorting?,Because her reaction shows her lack of knowledge and respect for the fashion industry.,Because they don't like loud noises,Because she didn't wear a buisness suit but wore casual clothes.,because she chose the wrong animal sound.
The Devil Wears Prada - You Think This Has Nothing to Do with You,https://www.youtube.com/embed/vRP9ShmQrog?start=63&end=169,Why does the girl in the blue sweater snort at the woman holding the belts?,Because she finds it ridiculous that the others struggle to choose between two belts which looked identical to her.,She was superior in nature.,Because the other two made a funny joke,She had to sneeze
Hiden Figures - Car Trouble,https://www.youtube.com/embed/W1VZ1-ZdQ7k?start=25&end=92,What did the police officer ask from the women?,Identification.,Their full names.,Where they worked.,To slow down.
Hiden Figures - Car Trouble,https://www.youtube.com/embed/W1VZ1-ZdQ7k?start=25&end=92,Why did the cop talk to the women?,Their car was broken down on the side of the road.,They were breaking the law,He was looking for a criminal on the loose.,He wanted to harass them.
Hiden Figures - Car Trouble,https://www.youtube.com/embed/W1VZ1-ZdQ7k?start=25&end=92,Why did the police officer act surprised when the women told him they worked at NASA?,He didn't think NASA hired black women.,He didn't know NASA was nearby.,He didn't believe that NASA existed.,He thought NASA only hired people who were much older.
Hiden Figures - Car Trouble,https://www.youtube.com/embed/W1VZ1-ZdQ7k?start=25&end=92,"Why did the police officer ask the first woman if she was ""being disrespectful""?",Because she talked back to him,She didn't bow to him.,She rolled her eyes at him and sighed loudly.,She didn't call him by his full title.
Hiden Figures - Car Trouble,https://www.youtube.com/embed/W1VZ1-ZdQ7k?start=25&end=92,Why did the police officer look at the sky?,He believed the Russians were watching them.,He thought he heard an airplane fly overhead.,He thought it was going to rain.,He liked watching birds fly by.
Boyhood - Talk to Me,https://www.youtube.com/embed/wu-yKaX1ZDY?start=0&end=68,How did the boy in the backseat feel when his dad started talking?,He felt annoyed by it.,He was enjoying listening to his dad.,He wasn't paying attention to what his dad was saying at all.,He thought his dad was being funny.
Boyhood - Talk to Me,https://www.youtube.com/embed/wu-yKaX1ZDY?start=0&end=68,How did the father feel when he was talking to his kids?,He was feeling frustrated or stressed.,He was very giddy and excited.,He was angry because they got in trouble at school.,He was happy because they got good report cards.
Boyhood - Talk to Me,https://www.youtube.com/embed/wu-yKaX1ZDY?start=0&end=68,What bad habit did the dad quit?,He quit smoking.,he quit drinking,he quit gambling,He quit eating fast food.
Boyhood - Talk to Me,https://www.youtube.com/embed/wu-yKaX1ZDY?start=0&end=68,What do the kids want the dad to do?,They want him to keep busy and to tell them about his day if he expects them to tell him about their days.,They want him to get a job.,They want him to buy them Christmas presents.,They want him to play with them.
Boyhood - Talk to Me,https://www.youtube.com/embed/wu-yKaX1ZDY?start=0&end=68,What does the dad want the kids to do?,He wants them to talk to him tell him about how their days are going.,He wants them to eat dinner,He wants them to do their chores.,He wants them to obey their mother.
Boyhood - Talk to Me,https://www.youtube.com/embed/wu-yKaX1ZDY?start=0&end=68,Who are in the vehicle?,Two kids and their dad.,The mom and two kids.,"Two kids, their dad, and their mom.",A man and his dog.
Boyhood - Talk to Me,https://www.youtube.com/embed/wu-yKaX1ZDY?start=0&end=68,Why does Dad hold the boy by the shoulder?,Because he's trying to make a point and emphasize what he's trying to say.,Because he is angry.,Because the boy was being noisy and he wanted to calm him down.,Because the boy was jumping around in the back seat and he wanted to hold him still.
Boyhood - Talk to Me,https://www.youtube.com/embed/wu-yKaX1ZDY?start=0&end=68,Why was the question about the sculpture hard to answer for the girl?,Because it was very abstract,Because she hadn't actually started yet and wasn't sure what she was going to do.,because she didn't complete an art project,because it was from a long time ago
Rick and Morty - You Pass Butter,https://www.youtube.com/embed/X7HmltUWXgs?start=0&end=60,How do you think Morty feels about having to choose between his grandpa and his dad as the helper?,He probably feels frustrated and torn.,Excited to choose.,He is happy to have them around,He is probably annoyed that he needs a helper at all
Rick and Morty - You Pass Butter,https://www.youtube.com/embed/X7HmltUWXgs?start=0&end=60,What does Morty need help with?,He needs help with a project for the science fair.,He needs a ride.,He needs to make a robot.,He needs help with homework.
Rick and Morty - You Pass Butter,https://www.youtube.com/embed/X7HmltUWXgs?start=0&end=60,What is Morty thinking when his dad mentions crayons?,He considers his dad incompetent.,He thinks his dad is smart,He thinks he will do well with the science project.,He is glad his dad wants to help.
Rick and Morty - You Pass Butter,https://www.youtube.com/embed/X7HmltUWXgs?start=0&end=60,What might the dad think if Morty did not choose him to help?,That he’s incompetent and not respected by Morty.,That Morty thinks he is good at science.,He respects him so much he can't bear to be around him,He is intimidated by his genius
Rick and Morty - You Pass Butter,https://www.youtube.com/embed/X7HmltUWXgs?start=0&end=60,What was the purpose of the robot Rick made?,To pass butter.,To make breakfast,To prepare food.,To help with the science project.
Rick and Morty - You Pass Butter,https://www.youtube.com/embed/X7HmltUWXgs?start=0&end=60,Why did Morty end up choosing his dad to help him with the science project?,Because Morty's dad was insecure.,He liked his dad better.,He felt his dad was better at science.,Because Rick told him to.
Rick and Morty - You Pass Butter,https://www.youtube.com/embed/X7HmltUWXgs?start=0&end=60,Why did Morty first ask Rick for help instead of his dad?,He thought he was more competent and therefore more helpful.,Rick loves to help Morty.,He liked Rick better.,Rick owes Morty a favor.
Rick and Morty - You Pass Butter,https://www.youtube.com/embed/X7HmltUWXgs?start=0&end=60,What might the other family members think about Rick being rude to Summer?,The others may consider Rick unpleasant for not contributing to the family.,He was rude by being on the phone,They think he is cool.,Rick has bad table manners.
The Secret Life of Pets - the Best of Chloe,https://www.youtube.com/embed/YdroO0omUfg?start=7&end=38,What did the cat want from the fridge?,The roast chicken/turkey,The cat wanted the milk carton.,She wanted orange juice.,A can of tuna.
The Secret Life of Pets - the Best of Chloe,https://www.youtube.com/embed/YdroO0omUfg?start=7&end=38,Why did Chloe slap away her food dish?,She didn't like eating cat food,Chloe was angry at her owner.,She did it by accident.,Chloe wanted to move it to a different location.
The Secret Life of Pets - the Best of Chloe,https://www.youtube.com/embed/YdroO0omUfg?start=7&end=38,Why does Chloe keep opening and closing the door?,She is fighting the temptation to eat the turkey as she knows she might get in trouble for eating it.,She likes watching the light turn on and off.,Chloe was testing the door for squeaky hinges.,She is having trouble keeping it open.
Harry Potter and the Chamber of Secrets - Harry's first time at the Weasley's home (HD),https://www.youtube.com/embed/ZUl4amon00E?start=129&end=163,How did the boys react when the father began to scold them?,The boys looked understandingly at each other and looked down in pretended embarrassment.,They got defensive,They started crying and begging for forgiveness.,They jumped up from the table and ran outside.
Harry Potter and the Chamber of Secrets - Harry's first time at the Weasley's home (HD),https://www.youtube.com/embed/ZUl4amon00E?start=129&end=163,Is the father really upset about the boys flying the car?,The father was not upset but had to comply with his wife’s position of scolding the kids.,Yes. He grounds the boys for a month as a punishment.,He was embarrassed that he raised a bad driver.,"No, he found a lot of humor in the incident."
Harry Potter and the Chamber of Secrets - Harry's first time at the Weasley's home (HD),https://www.youtube.com/embed/ZUl4amon00E?start=129&end=163,What is the name of the boy with glasses?,Harry Potter,Sam,Voldermort,Timmy
Harry Potter and the Chamber of Secrets - Harry's first time at the Weasley's home (HD),https://www.youtube.com/embed/ZUl4amon00E?start=129&end=163,Where did the boys go in the car last night?,The boys went to Surrey.,The boys went to Hogwarts.,they went to London,The boys went to chamber of secrets.
Harry Potter and the Chamber of Secrets - Harry's first time at the Weasley's home (HD),https://www.youtube.com/embed/ZUl4amon00E?start=129&end=163,Where does the scene take place in the clip?,"The scene takes place at a dining room table, in a kitchen.",the bathroom.,in the living room.,The scene takes place at Hogawarts.
Harry Potter and the Chamber of Secrets - Harry's first time at the Weasley's home (HD),https://www.youtube.com/embed/ZUl4amon00E?start=129&end=163,Who comes in and sits down at the table?,Harry Potter,Ron's mom,Ron's brother,Ron's father
Harry Potter and the Chamber of Secrets - Harry's first time at the Weasley's home (HD),https://www.youtube.com/embed/ZUl4amon00E?start=129&end=163,Why did the boys react to their father’s scolding with a silent laugh?,Because they knew the father was not serious about his disapproval.,They were distracted and were cracking jokes.,Because they were making funny faces.,Because they thought the dad was being funny.
Harry Potter and the Chamber of Secrets - Harry's first time at the Weasley's home (HD),https://www.youtube.com/embed/ZUl4amon00E?start=129&end=163,Why did the mother hit the father on the arm?,The mother hit the father on the arm because he acted as if he approved of the boys flying the car to Surrey.,Because she was mad that he was late,Because he was rude to her.,Because she was angry at him for making bad jokes
Harry Potter and the Chamber of Secrets - Harry's first time at the Weasley's home (HD),https://www.youtube.com/embed/ZUl4amon00E?start=129&end=163,Why does Harry Potter apologize to the dad?,Because he hasn’t introduced himself right away.,Because he burped.,Because he needed to use the restroom,because he said something rude
A Joy Story,https://www.youtube.com/embed/iR-JFks6uI0?start=40&end=80,Why did the dog stop barking the second time?,It remembered the human telling it to be quiet,The bird hissed at it.,The fisherman told it to be quiet again.,The bird was already gone again.
A Joy Story,https://www.youtube.com/embed/iR-JFks6uI0?start=40&end=80,What does the fisherman do when he hears the dog?,He shushes the dog,He pets the dog,He ignores the dog.,He feeds the dog
A Joy Story,https://www.youtube.com/embed/iR-JFks6uI0?start=40&end=80,What does the dog do when first seeing the bird?,The dog growls and barks.,The dog tries to eat the bird.,The dog runs away.,The dog chases the bird.
A Joy Story,https://www.youtube.com/embed/iR-JFks6uI0?start=40&end=80,What did the bird pick up?,The bird picked up a worm.,The bird picked up the fisherman's sandwich,The bird picked up a frog.,The bird picked up the dog
A Joy Story,https://www.youtube.com/embed/iR-JFks6uI0?start=40&end=80,Why did the owner shush the dog?,Because the owner is trying to fish and the dog's barks might scare away the fish.,Because the owner did not to wake up the neighbors,Because he didn't want the bird to get scared.,Because the owner was on the phone
A Joy Story,https://www.youtube.com/embed/iR-JFks6uI0?start=40&end=80,Why did the bird come back?,The bird comes back to get another worm.,The bird came back to play with the dog,The bird comes back to grab the dog.,The bird comes back to steal a fish.
A Joy Story,https://www.youtube.com/embed/iR-JFks6uI0?start=40&end=80,Why does the bird steal a worm?,The bird wanted something to eat.,The bird wanted to set the worm free.,The bird wanted to go fishing.,The bird wanted to stop the fisherman from catching fish.
Big Fish,https://www.youtube.com/embed/IdEekLJJc0o?start=0&end=90,Why has Edward spent so much time looking for the girl?,He finds her attractive and wants to marry her.,He knew her when they were younger.,She has something of his.,She is a long-lost family member.
Big Fish,https://www.youtube.com/embed/IdEekLJJc0o?start=0&end=90,What might Edward Bloom do next?,He may move on but will never forget this woman.,He will marry her.,He might refuse to leave.,He will laugh happily.
Big Fish,https://www.youtube.com/embed/IdEekLJJc0o?start=0&end=90,Why is Edward Bloom sad at the end?,The woman reveals that she is already engaged to be married.,He is kicked out by the woman.,He stumbles and falls and hurts himself.,The woman tells him it's not her that he's looking for.
Big Fish,https://www.youtube.com/embed/IdEekLJJc0o?start=0&end=90,Why is the girl sorry?,She is sorry because she can't marry him and Edward had to endure all the trouble to find her.,She is sorry because she'd rather marry Edward.,She is sorry because she didn't come searching for him.,She is sorry because her family will disapprove of him.
Big Fish,https://www.youtube.com/embed/IdEekLJJc0o?start=0&end=90,Why does the woman say she can't marry Edward Bloom?,The woman is already engaged to be married to someone else,She is not attracted to Edward.,She says she's never getting married because she doesn't believe in it.,She thinks it's creepy that he's been looking for her.
Big Fish,https://www.youtube.com/embed/IdEekLJJc0o?start=0&end=90,Which town does Edward Bloom come from?,He comes from Ashton.,He comes from Alberta.,He comes from NewYork City,He comes from a foreign island
Big Fish,https://www.youtube.com/embed/IdEekLJJc0o?start=0&end=90,What is the woman wearing on her hand?,She is wearing a wedding ring.,She is wearing Edward's friendship ring.,She is wearing her new gloves.,She is wearing nothing on her hand.
Big Fish,https://www.youtube.com/embed/IdEekLJJc0o?start=0&end=90,What has Edward spent the last three years trying to do?,He has been trying to find out who the woman is.,He has been trying to make the football team.,He has been looking for a new job.,He's been searching for his father.
Christopher Robin,https://www.youtube.com/embed/hdehfqahwkI?start=0&end=63,What was Pooh standing on in the clip?,A park bench.,A drinking fountain.,A trash bin.,The ground.
Christopher Robin,https://www.youtube.com/embed/hdehfqahwkI?start=0&end=63,Why does Christopher Robin touch the bear?,"To see if the bear was real, because he couldn't believe his eyes.",He wants to see how soft he is.,To get his attention.,To see if he is ticklish.
Christopher Robin,https://www.youtube.com/embed/hdehfqahwkI?start=0&end=63,Who does Christopher Robin meet?,Winnie the Pooh,Donald Duck,His father,Mickey Mouse
Christopher Robin,https://www.youtube.com/embed/hdehfqahwkI?start=0&end=63,Where does this take place (happen)?,At a park,On a beach.,In a house,At the movies
Christopher Robin,https://www.youtube.com/embed/hdehfqahwkI?start=0&end=63,Has Pooh met this person before?,Yes. Judging from the level of their conversion.,"Possibly, but Christopher Robin isn't sure","No, but he's heard of him.","Maybe, but Pooh doesn't remember him."
Christopher Robin,https://www.youtube.com/embed/hdehfqahwkI?start=0&end=63,Was the man's reaction when he saw Pooh?,He was shocked.,He was amused.,He became very angry.,He got real shy and looked away.
Dear Alice,https://www.youtube.com/embed/phQDinMbmic?start=0&end=56,What instrument is the boy using to draw?,The boy is using a pencil to draw.,A paint brush.,A pen.,A crayon.
Dear Alice,https://www.youtube.com/embed/phQDinMbmic?start=0&end=56,Why did the little girl give a thumbs-up to the boy?,Because they both share a common interest.,To let him know this was his bus stop.,Because she liked his shirt.,Because he said something funny to her.
Dear Alice,https://www.youtube.com/embed/phQDinMbmic?start=0&end=56,What is the boy drawing on?,The boy is drawing on a notebook.,The boy is drawing on chalkboard.,The boy is drawing on a piece of paper on a clipboard.,The boy is drawing on the wall.
Dear Alice,https://www.youtube.com/embed/phQDinMbmic?start=0&end=56,What was the little girl drawing?,She was drawing the man seated across from her.,The bus driver.,She was drawing the trees outside.,She was drawing the bus.
Dear Alice,https://www.youtube.com/embed/phQDinMbmic?start=0&end=56,Why was the little girl sad at the end?,Her mom wouldn't pay attention to her by looking at what she drew.,Because the boy wouldn't look at her.,Because her favorite stuffed toy got stepped on.,Because her mom scolded her.
Dear Alice,https://www.youtube.com/embed/phQDinMbmic?start=0&end=56,Why is the man holding onto the strap?,The man is holding onto the strap to avoid falling as the bus continues to move.,So he can do pull-ups.,Because there are no empty seats.,Because the bus is going super fast.
Dear Alice,https://www.youtube.com/embed/phQDinMbmic?start=0&end=56,Where does the scene take place?,On a bus.,At school.,On a plane.,At a park.
E.T..: The Extra-Terrestrial,https://www.youtube.com/embed/ewkroL1cP_Q?start=0&end=43,Why was Benny upset at the table?,His family didn't believe him.,He was told to be quiet.,His big brother hit him.,He was denied dessert.
E.T..: The Extra-Terrestrial,https://www.youtube.com/embed/ewkroL1cP_Q?start=0&end=43,What animal did one of the kids reference as being in the sewer?,An alligator.,A frog.,A goldfish.,A dinosaur.
E.T..: The Extra-Terrestrial,https://www.youtube.com/embed/ewkroL1cP_Q?start=0&end=43,What did the boy actually see?,An alien,He saw a large monster in the sewer.,A zombie,A ghost
E.T..: The Extra-Terrestrial,https://www.youtube.com/embed/ewkroL1cP_Q?start=0&end=43,Why don't the parents and big brother believe Benny about what he saw?,They thought what the boy saw was too crazy to believe.,Because Benny has nightmares.,Because Benny is too young.,Because Benny lies a lot.
E.T..: The Extra-Terrestrial,https://www.youtube.com/embed/ewkroL1cP_Q?start=0&end=43,What is the little girl dressing up as for Halloween?,A cowgirl.,A taco,A fairy.,A dinosaur.
E.T..: The Extra-Terrestrial,https://www.youtube.com/embed/ewkroL1cP_Q?start=0&end=43,What is the family doing at the table?,They are eating dinner.,They are arm wrestling.,They are gambling.,They are playing Monopoly.
E.T..: The Extra-Terrestrial,https://www.youtube.com/embed/ewkroL1cP_Q?start=0&end=43,"Why does the big brother tell Benny ""maybe it was an Iguana""?",Because the big brother doesn't believe what Benny said he saw.,Because the big brother loves iguanas,Because Benny said it was green and iguanas are also green,The big brother thinks Benny is too young to know
Freedom Writers,https://www.youtube.com/embed/jA-BCSOaa4Q?start=0&end=60,Why did the principle suggest that the teachers make an arrangement?,The principal wants to avoid conflict among the staff,The principal feels it's not his responsibility to address.,The principal has another meeting he's going to be late for.,The principal likes having meetings.
Freedom Writers,https://www.youtube.com/embed/jA-BCSOaa4Q?start=0&end=60,Why were the older teachers controntational?,They felt that the young female teacher's insistence on retaining her rising students was a disregard for their seniority and privileges.,They didn't appreciate that the younger teacher was being paid more than them despite their seniority.,She had been trying to get them all fired.,They wanted to get paid more than her because of their seniority.
Freedom Writers,https://www.youtube.com/embed/jA-BCSOaa4Q?start=0&end=60,What program does the teacher not want to replace?,The distinguished scholars program.,The after school music program.,After school sports.,The arts program.
Freedom Writers,https://www.youtube.com/embed/jA-BCSOaa4Q?start=0&end=60,What does the young teacher want to do?,She wants to stay with her students when they rise.,She wants to transfer to another school.,Teach different students next year.,She wants her students to all get A's without taking a test.
Freedom Writers,https://www.youtube.com/embed/jA-BCSOaa4Q?start=0&end=60,How long has the young teacher been working at the school?,2 years,2 months,20 years,2 weeks
Freedom Writers,https://www.youtube.com/embed/jA-BCSOaa4Q?start=0&end=60,How did the older teachers feel?,They were very angry.,They were very excited.,They were glad that the new teacher was there.,They were very depressed.
Freedom Writers,https://www.youtube.com/embed/jA-BCSOaa4Q?start=0&end=60,What would the board of education think about the young teacher's request?,That it would be unfair to the teachers who have seniority and it would cause problems with teaching rotations.,That it was an excellent idea that should be immediately implemented.,That it would cause confusion among the student body.,That it would discourage students from coming to school.
Penguins of Madagascar,https://www.youtube.com/embed/P0hOTR509NQ?start=15&end=105,Why did the 3 little penguins get out of line?,To avoid getting hit by the penguins tumbling before them.,They had to go to the bathroom.,To go for a swim.,To go after the egg that escaped.
Penguins of Madagascar,https://www.youtube.com/embed/P0hOTR509NQ?start=15&end=105,What knocked the little penguins off of their feet?,An egg rolling down the hill.,A polar bear jumping on them.,The wind blew them down.,A tidal wave.
Penguins of Madagascar,https://www.youtube.com/embed/P0hOTR509NQ?start=15&end=105,What happened in the beginning of the clip when the penguin in the front the line fell backwards off of the step?,It caused a domino effect and made the other penguins fall.,The other penguins ran away.,The other penguins laughed at him.,The other penguins jumped out of the way.
Penguins of Madagascar,https://www.youtube.com/embed/P0hOTR509NQ?start=15&end=105,Why did the little penguin decide to slide towards the edge of the cliff?,To save the egg,To see how close they could get before they fell.,To go and talk to a leopard seal.,He tripped and didn't mean to.
Penguins of Madagascar,https://www.youtube.com/embed/P0hOTR509NQ?start=15&end=105,Why did the little penguins try to fly in the beginning of the clip?,They wanted to see what's happening at the front of the line.,They wanted to get away from a seal.,They wanted to see if it could be done.,They wanted to show off to their friends
Penguins of Madagascar,https://www.youtube.com/embed/P0hOTR509NQ?start=15&end=105,What do you think could've happened to the square penguin if his friends didn't catch him?,That the square penguin would have fallen off the cliff.,The square penguin would have been caught by a tiger.,That the square penguin would have flown away.,He could have caught the egg.
Penguins of Madagascar,https://www.youtube.com/embed/P0hOTR509NQ?start=15&end=105,What animal are the main characters?,Penguins,Polar Bears.,Giraffes.,Tigers
Penguins of Madagascar,https://www.youtube.com/embed/P0hOTR509NQ?start=15&end=105,What item fell off the cliff and landed on the boat?,An egg,Another penguin.,A fish,A snowball
The Pursuit of Happiness - Rubik's Cube,https://www.youtube.com/embed/Q7Opgd7-dQ0?start=45&end=182,Why is Will Smith's character trying to do what he's doing?,He wants to prove his ability to the other man.,He wants to win a bet.,He wants the other man to pay for both their fare rides.,He wants to get an interview from the man.
The Pursuit of Happiness - Rubik's Cube,https://www.youtube.com/embed/Q7Opgd7-dQ0?start=45&end=182,What was Will Smith's character trying to do with the object he was playing with?,He was trying to solve it by matching all colors on the same side,Will Smith's character was trying to open the object he was playing with.,Will Smith's character was trying to close the object he was playing with.,Will Smith's character was trying to listen to the noises of the object he was playing with.
The Pursuit of Happiness - Rubik's Cube,https://www.youtube.com/embed/Q7Opgd7-dQ0?start=45&end=182,"Why did the other man say ""let me try?""",The other man believes he can solve the cube himself.,The other man believes he can win the contest on the radio,The other man believes he would be lucky in the game,The other man wanted to try to get an item unlocked that was jammed.
The Pursuit of Happiness - Rubik's Cube,https://www.youtube.com/embed/Q7Opgd7-dQ0?start=45&end=182,What is Will Smith's character playing with?,A Rubik's Cube,A yo-yo.,A jigsaw puzzle.,The power window button.
The Pursuit of Happiness - Rubik's Cube,https://www.youtube.com/embed/Q7Opgd7-dQ0?start=45&end=182,What does the person on the right think about what Will Smith's doing?,He didn't think Will Smith's character would be able to solve it.,He didn't think Will Smith's character would be able to pay his cab bill.,He thought Will Smith's character would get the cab driver to help him.,He switched it with a solved cube from his pocket.
The Pursuit of Happiness - Rubik's Cube,https://www.youtube.com/embed/Q7Opgd7-dQ0?start=45&end=182,What did the man on the right say to Will Smith's character?,"He told him ""this thing is impossible""","He said ""this is the easiest thing in the world.""",The man on the right told Will Smith's character that he would give him a $100 if he could solve it.,The man on the right told Will Smith's character that he would pay for the cab cost if he could solve it.
The Pursuit of Happiness - Job Interview,https://www.youtube.com/embed/gHXKitKAT1E?start=13&end=82,Why did the man not lie about what happened to him to cause him to be late?,He couldn't think of a lie which could explain his appearance.,He wanted them to believe he is a homeless guy.,He wanted them to believe he is not good for the job.,He wanted to appear casual and laid-back.
The Pursuit of Happiness - Job Interview,https://www.youtube.com/embed/gHXKitKAT1E?start=13&end=82,What was Chris Garner's excuse for being dressed in an unprofessional way?,He had been painting when he was arrested for unpaid parking tickets and ran all the way over to the interview.,He had been at the farm and he didn't have enough time to dress up.,He wanted to be honest about who he is.,He decided to make things casual.
The Pursuit of Happiness - Job Interview,https://www.youtube.com/embed/gHXKitKAT1E?start=13&end=82,What did Chris Garner do when he entered the room?,He introduced himself and shook hands with the people who were waiting.,He gave in and said he was not fitted for the job.,He waited and walked out of the room without speaking a word.,He apologized for his outfit and then he introduced himself.
The Pursuit of Happiness - Job Interview,https://www.youtube.com/embed/gHXKitKAT1E?start=13&end=82,How do you think the interviewers feel about the man?,They were skeptical at first but they became impressed by his honesty.,They were very impressed and hired him right away.,They thought he was crazy and asked him to leave.,They shrugged him off right away.
The Pursuit of Happiness - Job Interview,https://www.youtube.com/embed/gHXKitKAT1E?start=13&end=82,Why was Chris Garner arrested?,He was arrested for not paying parking tickets.,He stole some food.,He had unpaid child support.,He was tresspassing in the building.
The Pursuit of Happiness - Job Interview,https://www.youtube.com/embed/gHXKitKAT1E?start=13&end=82,Why does Chris Garner have paint on his hands?,He didn't have time to go home and shower as he spent the night in jail.,He saw a sign that said wet paint and touched it.,He was painting his neighbors fence.,He wanted to make a memorable first impression.
The Pursuit of Happiness - Job Interview,https://www.youtube.com/embed/gHXKitKAT1E?start=13&end=82,Does the man have self-confidence?,"Yes. He appears firm in demeanor, attitude, and speech, despite poor dress.",No; he is shy and timid.,No; he never spoke or looked up.,Yes; the man dressed like that on purpose.
Akeelah and the Bee - Intelligent & Insolent,https://www.youtube.com/embed/WdDUhHl-BzM?start=0&end=93,What does the man ask the girl to do?,The man asked her to spell a word initially and then asked her to speak properly.,The man asked her to follow him around and help him with gardening.,The man asked her to count the number of vowels in a word.,The man asked her to talk to him about her studies in school and told her to stop spending time with people who are a bad influence on her.
Akeelah and the Bee - Intelligent & Insolent,https://www.youtube.com/embed/WdDUhHl-BzM?start=0&end=93,What is the man doing while talking to the girl?,The man is gardening.,The man is taking a stroll.,The man is paving his driveway.,The man is taking out his trash.
Akeelah and the Bee - Intelligent & Insolent,https://www.youtube.com/embed/WdDUhHl-BzM?start=0&end=93,What might be the relationship between the man and the girl?,He is her coach for the Spelling Bee.,He is her uncle.,He is her next door neighbor.,He's her father.
Akeelah and the Bee - Intelligent & Insolent,https://www.youtube.com/embed/WdDUhHl-BzM?start=0&end=93,What did the man hope to achieve in this scene?,He hoped she would get more serious about the Spelling Bee and also to get her to speak properly.,He hoped that she would help him with gardening.,He wanted to lower her self esteem by being mean to her.,She would win the soccer game
Akeelah and the Bee - Intelligent & Insolent,https://www.youtube.com/embed/WdDUhHl-BzM?start=0&end=93,Why does he ask her to spell a really hard word?,To show that she has much to learn in terms of spelling words.,To prove to her that she cannot win a spelling bee.,To show her that she is a poor speller so she will cry.,To show that he knows many hard words.
Akeelah and the Bee - Intelligent & Insolent,https://www.youtube.com/embed/WdDUhHl-BzM?start=0&end=93,What does the man want the girl to do besides have good spelling skills?,He wants her to speak properly.,He wants her to walk properly.,He wants her to become an expert gardener.,He wants her to know very much about history.
Akeelah and the Bee - Intelligent & Insolent,https://www.youtube.com/embed/WdDUhHl-BzM?start=0&end=93,Why does the girl have trouble understanding the man's criticism?,She doesn't think speaking properly is important,She doesn't think history lessons is important.,She doesn't understand the French language he is speaking in.,She doesn't like how rude he is to her.
Akeelah and the Bee - Intelligent & Insolent,https://www.youtube.com/embed/WdDUhHl-BzM?start=0&end=93,Why does the man ask the girl to speak properly?,He wants her to be prepared for a spelling competition.,He wants her to speak more like a proper lady.,He wants her to win a debate competition.,He wants her to be a good role model for others.
Back to the Future - I'm from the Future,https://www.youtube.com/embed/SR5BfQ4rEqQ?start=90&end=172,Why does the boy tell the story of the flux capactior to the old man?,To prove that he is speaking the truth about travelling through time.,To let the old man know that he is being watched at all times.,He thinks it is a funny story.,So the old man will go away.
Back to the Future - I'm from the Future,https://www.youtube.com/embed/SR5BfQ4rEqQ?start=90&end=172,"As mentioned by the boy, who was president of USA in 1985?",Ronald Reagan,Donald Trump,Jimmy Carter,Richard Nixon
Back to the Future - I'm from the Future,https://www.youtube.com/embed/SR5BfQ4rEqQ?start=90&end=172,Why does the old man open the door that he just closed after hearing the flux capacitor story from the boy?,He now knows the young man is telling the truth.,He now knows that they young man has stolen his idea for the flux capacitor.,He forgot his keys.,He wants to look at it again.
Back to the Future - I'm from the Future,https://www.youtube.com/embed/SR5BfQ4rEqQ?start=90&end=172,Why does the old man walk away from the boy to the garage and shut the door?,Because he doesn't believe the boy and doesn't want to talk to him any more.,Because he had to go water his plants inside.,Because he has to take out the trash.,Because he believes the boy but doesn't want the boy to know that.
Back to the Future - I'm from the Future,https://www.youtube.com/embed/SR5BfQ4rEqQ?start=90&end=172,Why does the young man show the old man the picture?,To prove that he is from the future.,To prove that he is from the past.,To show off his siblings.,To show him his family.
Back to the Future - I'm from the Future,https://www.youtube.com/embed/SR5BfQ4rEqQ?start=90&end=172,Why doesn't the old man believe the young man's story about where he is from?,Because he doesn't think it's possible to travel through time as he has not yet invented a time machine.,Because he is sure he knows the kid from somewhere.,Because the young man agreed that Jerry Lewis was Vice President in 1985.,Because he always lies.
Back to the Future - I'm from the Future,https://www.youtube.com/embed/SR5BfQ4rEqQ?start=90&end=172,What class year was shown on the shirt in the picture?,1984,1974,1985,2010
Caroline - Caroline's Other Parents,https://www.youtube.com/embed/wyaGIaJsmTg?start=0&end=45,Why does the daughter walk out of the kitchen?,To go see her father.,To get out of the house.,To go back to bed.,To go the bathroom.
Caroline - Caroline's Other Parents,https://www.youtube.com/embed/wyaGIaJsmTg?start=0&end=45,Why does the daughter point to her eye?,The mother has buttons for eyes.,There's something in her eye,Because her eyes are red,The mother has no eyes
Caroline - Caroline's Other Parents,https://www.youtube.com/embed/wyaGIaJsmTg?start=0&end=45,How did the mother explain herself to Coraline?,That she's Caroline's other mother and that she has button eyes.,That Coraline is dreaming,That she was a ghost,That she is her aunt with square eyes
Caroline - Caroline's Other Parents,https://www.youtube.com/embed/wyaGIaJsmTg?start=0&end=45,What did the mother take out of the oven?,Roasted Chicken,A rack of lamb.,Apple pie.,Broccoli
Caroline - Caroline's Other Parents,https://www.youtube.com/embed/wyaGIaJsmTg?start=0&end=45,What kind of mitten did the mother put on?,Chicken-shaped oven mitten,Cat-shaped mittens,Black leather mitten,Pink mittens
Caroline - Caroline's Other Parents,https://www.youtube.com/embed/wyaGIaJsmTg?start=0&end=45,Why was the daughter shocked?,Her mother's eyes were buttons,Her mother never cooks.,Because her mother had blonde hair,Her mother was missing hands
Caroline - Caroline's Other Parents,https://www.youtube.com/embed/wyaGIaJsmTg?start=0&end=45,How does the daughter feel after the conversation?,She feels confused and scared.,Happy and excited,Calm and relaxed.,She is mad and angry.
Cat's Meow,https://www.youtube.com/embed/wOUgRif7JRc?start=0&end=40,Why did the man remove the cat from the room?,"Because the cat attacked, scratching his face.",Because the cat spilled its food.,Because the cat wanted to go outside.,The cat was purring loudly.
Cat's Meow,https://www.youtube.com/embed/wOUgRif7JRc?start=0&end=40,Why did the cat throw the balls at it's owner?,The cat was upset because the man took its hat and woke it up.,The cat didn't like the taste of its food.,The cat was bored,The cat wanted to play.
Cat's Meow,https://www.youtube.com/embed/wOUgRif7JRc?start=0&end=40,Where did the man put the cat in the end?,He threw the cat in the cleaning closet.,In his bedroom.,The bathroom,In the garage.
Cat's Meow,https://www.youtube.com/embed/wOUgRif7JRc?start=0&end=40,What was the cat sleeping on in the clip?,The cat was sleeping on the man's hat.,The cat was sleeping on it's bed.,The owner's bed.,The cat was sleeping on the couch.
Cat's Meow,https://www.youtube.com/embed/wOUgRif7JRc?start=0&end=40,Why would the cat be upset at what happened?,Because the cat was sleeping on the hat which was comfortable.,Because the cat was in the middle of watching TV.,Because the man took its toys.,Because the owner took away its food.
Cat's Meow,https://www.youtube.com/embed/wOUgRif7JRc?start=0&end=40,What did the man take from the cat?,His own hat.,The cat's toy.,His food,The cat's collar.
Cat's Meow,https://www.youtube.com/embed/wOUgRif7JRc?start=0&end=40,How did the man feel when the cat jumped on him?,He felt angry at the cat,He felt relaxed,He felt happy.,He thought it was funny.
Cat's Meow,https://www.youtube.com/embed/wOUgRif7JRc?start=0&end=40,What color was the cat in the clip?,Dark grey,Red,Yellow,Blue
Hidden Figures - You Are the Boss,https://www.youtube.com/embed/sQLYZ0Uxxvg?start=0&end=56,Who is against her being a part of the hearing?,Paul and potentially the other men in the room at the hearing.,All the other women,The president is against her being in the hearing.,Nobody
Hidden Figures - You Are the Boss,https://www.youtube.com/embed/sQLYZ0Uxxvg?start=0&end=56,What does the woman want to be a part of?,She wants to be a part of the Pentagon briefing.,She wants to be part of the party planning committee,She wants to be part of the men's golf outing.,She wants to be part of the weekly poker game
Hidden Figures - You Are the Boss,https://www.youtube.com/embed/sQLYZ0Uxxvg?start=0&end=56,Why does Paul object to her being in the hearing?,That the woman doesn't have the necessary clearance and that there is no protocol for a woman being involved.,Because she is not qualified.,Because she can't keep secrets.,Because there isn't enough room for her to be in the meeting.
Hidden Figures - You Are the Boss,https://www.youtube.com/embed/sQLYZ0Uxxvg?start=0&end=56,Why does the woman need to be in the hearing?,She cannot be effective in her work without direct access to the information that gets updated frequently at this briefing.,Because she needs to take notes for the men.,She wants to get in so she can spy on the people in the hearing.,Because she needs to relay some important information to the team.
Hidden Figures - You Are the Boss,https://www.youtube.com/embed/sQLYZ0Uxxvg?start=0&end=56,What is the name of the man who walks in to talk to the woman?,Mr. Harrison,Mr. Savage,Mr. Johnson,Mr. Peterson
Hidden Figures - You Are the Boss,https://www.youtube.com/embed/sQLYZ0Uxxvg?start=0&end=56,What might Paul be thinking?,Paul might be upset that the woman is being inappropriate for asking to be included in the Pentagon briefing.,He might be thinking that he needs to invite all the women to the meeting,Paul is upset because he has had an affair with the women and is scared she might tell.,Paul might be thinking that the woman deserves to be in charge of everyone
It's Kind of a Funny Story - Rooftop Scene,https://www.youtube.com/embed/UNTZVGzrIGg?start=0&end=57,What was written on the girl's shirt?,I hate boys,"Live, laugh, love.",I love boys,I love unicorns.
It's Kind of a Funny Story - Rooftop Scene,https://www.youtube.com/embed/UNTZVGzrIGg?start=0&end=57,Why does the boy stop the girl from walking away?,He really likes her and wants to confess his affection.,He likes to control her.,She took something from him.,Hecause he wanted to ask her for some lunch money
It's Kind of a Funny Story - Rooftop Scene,https://www.youtube.com/embed/UNTZVGzrIGg?start=0&end=57,Why did he apologize?,He was talking to another girl the day before and didn't want this girl to believe that he's trying to make her jealous.,He farted.,he made fun of her behind her back.,he kissed another girl.
It's Kind of a Funny Story - Rooftop Scene,https://www.youtube.com/embed/UNTZVGzrIGg?start=0&end=57,Why did the girl try to walk away?,She is frustrated that the guy is not being straight forward with his feelings toward her.,She was late for class.,She forgot something and had to go get it.,She had to use the restroom.
It's Kind of a Funny Story - Rooftop Scene,https://www.youtube.com/embed/UNTZVGzrIGg?start=0&end=57,How might the girl feel about the boy?,She likes him and might be jealous of his interactions with the other girl he mentioned.,She hates him.,She wants him to stop bothering her.,She is indifferent towards him.
It's Kind of a Funny Story - Rooftop Scene,https://www.youtube.com/embed/UNTZVGzrIGg?start=0&end=57,What does the boy like about the girl?,He likes that she's open to showing her faults and he feels comfortable around her.,He likes how wealthy she is.,He likes the way she dresses.,He likes how smart she is.
It's Kind of a Funny Story - Rooftop Scene,https://www.youtube.com/embed/UNTZVGzrIGg?start=0&end=57,What do you think the girl will choose to do after this conversation?,She might agree to see this boy.,She will spit on him.,She might tell him to never talk to her again,She'll report him to the principal.
Julie & Julia - A Quick Learner,https://www.youtube.com/embed/AsR-WnELodI?start=0&end=65,"In the beginning of the cliip, what are the students learning to do?",Learning to boil eggs.,Learning to scramble eggs,Learning to make steak,Learning to cut with a knife
Julie & Julia - A Quick Learner,https://www.youtube.com/embed/AsR-WnELodI?start=0&end=65,What is Julie told she will never be?,A professional cook.,A lawyer,A good wife,As good as a man
Julie & Julia - A Quick Learner,https://www.youtube.com/embed/AsR-WnELodI?start=0&end=65,Why might Julia be interested in the more advanced class?,Because she wants to be a professional chef.,She wants to be a home cook,Because it's easier.,Because it's cheaper.
Julie & Julia - A Quick Learner,https://www.youtube.com/embed/AsR-WnELodI?start=0&end=65,Why might the woman at the desk believe Julia would not be interested in the other class?,"It's all men, all GIs, and very expensive",Because Julia already knows everything about cooking.,It's too hard.,It's taught at night.
Julie & Julia - A Quick Learner,https://www.youtube.com/embed/AsR-WnELodI?start=0&end=65,Why does Julia go to talk to the other woman at the desk?,To enroll in a more advanced class,To get a refund.,So she can complain about her instructor.,To say she likes this class.
Julie & Julia - A Quick Learner,https://www.youtube.com/embed/AsR-WnELodI?start=0&end=65,Why does Julia dislike her current class?,She feels that it is not challenging enough and she is not learning anything she doesn't already know.,She doesn't like the teacher,Because it is too hard for her to understand,She thinks it's too expensive.
Julie & Julia - A Quick Learner,https://www.youtube.com/embed/AsR-WnELodI?start=0&end=65,What should you first ensure about the egg before using it?,That the egg is fresh.,That it's not cracked,That it is brown,That it's a chicken egg
My Shoes,https://www.youtube.com/embed/uofFHeP-9zM?start=96&end=166,How would the poor kid feel if their bodies could switch back?,He would probably feel thankful for being able to walk again.,need new shoes.,he would probably miss having a loving family,become friends with the other boy.
My Shoes,https://www.youtube.com/embed/uofFHeP-9zM?start=96&end=166,Why did the poor kid wish to be like the other kid?,The other kid had nicer shoes and clothes.,the other kid had a loving family,to look clean.,for nice shoes.
My Shoes,https://www.youtube.com/embed/uofFHeP-9zM?start=96&end=166,What was the poor kid wearing?,"Tattered white sneakers, ripped brown trousers, and a white shirt",Swim trunks,New gym shoes.,"A long t-shirt, no pants"
My Shoes,https://www.youtube.com/embed/uofFHeP-9zM?start=96&end=166,Who did the poor kid turn into?,He turned in to the boy with nicer clothes.,a kid on a bench.,the kid sitting alone.,the kid waiting.
My Shoes,https://www.youtube.com/embed/uofFHeP-9zM?start=96&end=166,What did the poor kid find out after turning into the other kid?,That the other kid was disabled and couldn't walk,The other kid's parents beat him,He was bored.,That the other kid was sick and dying.
Soar,https://www.youtube.com/embed/UUlaseGrkLc?start=35&end=88,Why did the big kid look so sad at the beginning of the video?,They didn't know how to build an airplane.,Because he had no friends.,He was lost and wanted to go back home.,He was hungry and he forgot to bring his picnic basket.
Soar,https://www.youtube.com/embed/UUlaseGrkLc?start=35&end=88,"At the beginning of the clip, what was the big kid looking at?",A piece of paper for the design of an airplane.,a dinner menu,He was looking at a horse.,A booklet for a game
Soar,https://www.youtube.com/embed/UUlaseGrkLc?start=35&end=88,What fell onto the big kid's head?,A small duffel bag,an acorn,An apple fell from a tree.,bird poop
Soar,https://www.youtube.com/embed/UUlaseGrkLc?start=35&end=88,What happened that surprised the big kid?,A mini plane crashed and a little person got out.,A helicopter landed behind him.,A squirrel fell in his lap.,He saw an explosion in the distance.
Soar,https://www.youtube.com/embed/UUlaseGrkLc?start=35&end=88,"When the little person picked up the pencil, what could they have been thinking?",They were scared and thought the big person was going to hurt them.,They were thinking that they wanted to write a letter with it.,They wanted to draw a picture.,They wanted to turn their plane into a rocket.
Soar,https://www.youtube.com/embed/UUlaseGrkLc?start=35&end=88,What was the boy thinking when he saw the little person come out of the airplane?,He was thinking this was unbelievable.,He thought it looked like his brother.,He thought it was funny.,He thought it was frightening.
Soar,https://www.youtube.com/embed/UUlaseGrkLc?start=35&end=88,Why did the big kid take a picture of the little person?,The big kid took a picture of the little person because the little person was very unusual and unbelievable.,The big kid took a picture of the little person so he could add it to his photo album.,The big kid took a picture of the little person so he could have the little person could sign it for him.,They posed waiting for a photo.
The Help - Minny Comes to Work for Celia,https://www.youtube.com/embed/X8I-42zG-JQ?start=0&end=41,Why does Celia want a maid?,To make her husband think she is cleaning the house herself.,because she is so busy with her job as a lawyer,Because she is too ill to do all the work herself,because her husband told her to get one
The Help - Minny Comes to Work for Celia,https://www.youtube.com/embed/X8I-42zG-JQ?start=0&end=41,What does the maid think of the wife?,"She might think that the wife is, spoiled, lazy, and deceptive.",She thinks she is very busy with keeping up the household chores,she thinks she is poor,she thinks she loves to clean and cook
The Help - Minny Comes to Work for Celia,https://www.youtube.com/embed/X8I-42zG-JQ?start=0&end=41,Why would she want the maid to work those specific hours?,She doesn't want her husband to find out about the maid.,Because those are the hours that she will be away from the house.,Because they are the most convenient for the maid,Because those are the hours that the kids will be asleep.
The Help - Minny Comes to Work for Celia,https://www.youtube.com/embed/X8I-42zG-JQ?start=0&end=41,What days does the maid work?,Sunday through Friday,Every day,Friday and Satuday,not on weekends.
The Help - Minny Comes to Work for Celia,https://www.youtube.com/embed/X8I-42zG-JQ?start=0&end=41,What hours was the maid supposed to work?,9 to 4,after 9.,before 4.,during the day.
The Wishgranter,https://www.youtube.com/embed/zON0wDD7VJY?start=62&end=112,Why were they throwing coins in the fountain?,They were making wishes.,To try and hit fish in the fountain,"They didn't mean to, the coin slipped",They were getting rid of extra change.
The Wishgranter,https://www.youtube.com/embed/zON0wDD7VJY?start=62&end=112,What did the man and woman throw in the fountain?,They each threw a single gold coin.,Each threw a rose,They each threw a dollar bill.,They each threw a handful of coins.
The Wishgranter,https://www.youtube.com/embed/zON0wDD7VJY?start=62&end=112,What clogged the pipe of the fountain?,The two coins clogged the pipe of the fountain.,A fish that got stuck,Mud was stuck in the pipe and clogged it.,A hairball clogged the pipe.
The Wishgranter,https://www.youtube.com/embed/zON0wDD7VJY?start=62&end=112,What was likely their wish?,To find a romantic partner,To be rich,To move to antarctica.,To get more coins from the fountain
The Wishgranter,https://www.youtube.com/embed/zON0wDD7VJY?start=62&end=112,How did the creature feel knowing that the machine malfunctioned and didn't grant the wish?,"The creature was worried and panicked, looking through the periscope to see what happened.",He was bored and didn't care,The creature danced with glee while looking through the periscope.,The creature thought it was funny and laughed out loud.
The Wishgranter,https://www.youtube.com/embed/zON0wDD7VJY?start=62&end=112,How do the woman and the man feel when they threw coins into the fountain?,They are hopeful that their wish will be granted.,They are eager to dispose of the coins,They were scared and covered their faces.,They were suspicious and didn't trust anything.
The Wishgranter,https://www.youtube.com/embed/zON0wDD7VJY?start=62&end=112,How did the woman and man probably feel after their wish wasn't granted?,They were disappointed.,They were angry at the fountain,They were very happy to not have their wish granted.,"They weren't interested in meeting anyways, so they didn't care."
Wonder - Two Things About Yourself,https://www.youtube.com/embed/zJMCctR8ivc?start=0&end=63,Why doesn't the teacher want Julian to answer the boy's question about the game?,He wants the class to focus on questions that can help students get to know each other.,He wants to go home early.,He doesn't want to spoil the game for the other students.,He thought the boy's question was mean.
Wonder - Two Things About Yourself,https://www.youtube.com/embed/zJMCctR8ivc?start=0&end=63,Why doesn't the last student not want to tell the class two things about them?,He might be embarrassed by his scars.,He cannot speak English.,He isn't supposed to be in the class.,His mom told him not to talk to anyone.
Wonder - Two Things About Yourself,https://www.youtube.com/embed/zJMCctR8ivc?start=0&end=63,What does the teacher want each student to do?,Say two things that they think everyone should know about them,Tell the class what their parents do.,Write their name on the board.,To do their homework.
Wonder - Two Things About Yourself,https://www.youtube.com/embed/zJMCctR8ivc?start=0&end=63,Why do you think the teacher wants to call on the student who has scars on their face?,Because the teacher thinks he might have an interesting story and wants to include him in the discussion so that he does not feel left out even though he looks different,So everyone can laugh at him.,Because the teacher thinks the student wasn't paying attention.,Because the teacher is going through the room alphabetically.
Wonder - Two Things About Yourself,https://www.youtube.com/embed/zJMCctR8ivc?start=0&end=63,What does Julian think about the game Battleground Mystic?,He thinks it's awesome.,He hates it.,He thinks it's boring.,He thinks that it is only for girls.
Wonder - Two Things About Yourself,https://www.youtube.com/embed/zJMCctR8ivc?start=0&end=63,Which kind of table did Julian get this summer?,A ping pong table,A picnic table.,A pool table.,A massage table.
Wonder - Two Things About Yourself,https://www.youtube.com/embed/zJMCctR8ivc?start=0&end=63,Why did the teacher start teaching?,It was his dream to become a teacher,His mom told him to.,He wanted the summers off.,To be rich.
Wonder - Two Things About Yourself,https://www.youtube.com/embed/zJMCctR8ivc?start=0&end=63,Where did the teacher do before following his dream to teach?,He used to work on Wall Street,He used to sell Ice Cream.,He played baseball for the New York Yankees.,He was a journalist.
You've Got Mail - Just Call Me Joe,https://www.youtube.com/embed/to-69CP_lYs?start=0&end=57,How might Joe feel about Kathleen?,He might be interested in her romantically.,He thinks she looks like his sister.,He wants to be friends.,He doesn't like her.
You've Got Mail - Just Call Me Joe,https://www.youtube.com/embed/to-69CP_lYs?start=0&end=57,Where does the scene take place?,The scene takes place in a bookstore,The scene is in a library.,The scene is in the woman's house.,The scene is in a toy store.
You've Got Mail - Just Call Me Joe,https://www.youtube.com/embed/to-69CP_lYs?start=0&end=57,Why does Joe ask Kathleen who she is?,He wants to get to know her because he likes her.,Because he thought he knew her.,because he though he saw her on the news,because he thinks she is famous
You've Got Mail - Just Call Me Joe,https://www.youtube.com/embed/to-69CP_lYs?start=0&end=57,What is the female character's name?,Kathleen Kelly,Susan Reid.,Lisa Lorkle,Abigail Adards
You've Got Mail - Just Call Me Joe,https://www.youtube.com/embed/to-69CP_lYs?start=0&end=57,Why does the man make the kids go read books in this clip?,Because he wants to talk to the woman uninterrupted and that he doesn't want the kids to tell Kathleen that he owned a rival store.,He wants them to learn something.,He wants to share books with them.,He wants them to be quiet.
Bao,https://www.youtube.com/embed/cB_2qU4GLCw?start=0&end=49,What does the women prepared for eating?,She prepares dumplings.,She prepares pizza.,She prepares salad.,She prepared spaghetti
Bao,https://www.youtube.com/embed/cB_2qU4GLCw?start=0&end=49,What would the woman's husband think of her interacting with a piece of food?,He might think she's not mentally well.,He doesn't have a wife.,He might think she's angry.,He might think she's intelligent
Bao,https://www.youtube.com/embed/cB_2qU4GLCw?start=0&end=49,"What might the ""bao bun"" symbolize?",The bao bun symbolizes a baby.,The bao bun symbolizes a cow.,The bao bun is a cat.,The bao bun symbolizes wealth
Bao,https://www.youtube.com/embed/cB_2qU4GLCw?start=0&end=49,Why does the female character look so sad when the husband leaves?,The wife looks sad because the husband only grunted a good-bye at her.,The wife looks sad because she is about to eat a meal.,The wife is angry with everyone.,The wife looks sad because the husband didn't give her money
Bao,https://www.youtube.com/embed/cB_2qU4GLCw?start=0&end=49,Why does the husband eat his food so fast?,He has to go to work,The husband is very hungry.,He loves the food.,He has to go to bed
Bao,https://www.youtube.com/embed/cB_2qU4GLCw?start=0&end=49,How many people sit down at the table to eat?,Two people sit at the table,No one sits at the table.,Eight people sit at the table,Four people sit at the table
Father and Daughter,https://www.youtube.com/embed/CvA4Gn5OudI?start=35&end=80,What were the man and child riding in the beginning?,They were riding bikes.,The were riding motor scooters.,They were riding a horse drawn carriage.,Horses
Father and Daughter,https://www.youtube.com/embed/CvA4Gn5OudI?start=35&end=80,Why did the man hug the child?,Because he was going away and would miss him.,Because he want to see if the child was eating enough.,Because he wanted to make sure the child didn't steal anything.,To keep her warm
Father and Daughter,https://www.youtube.com/embed/CvA4Gn5OudI?start=35&end=80,What did the man do after hugging the child?,He rows away in a boat.,He goes back and carries the child down the hill and puts her in the boat.,Runs in a circle,He rows his boat in a circle and comes right back.
Father and Daughter,https://www.youtube.com/embed/CvA4Gn5OudI?start=35&end=80,How many people were in this scene?,There were two people in this scene.,There were three people in the scene,There were four people and two dogs.,There was only one person in the scene.
Father and Daughter,https://www.youtube.com/embed/CvA4Gn5OudI?start=35&end=80,What could the man be thinking as he leaves?,He may be thinking that he will miss his child.,That the fishing would be good,He may be thinking that he is glad the child is not coming with him.,Wishing he brought his swimsuit
Father and Daughter,https://www.youtube.com/embed/CvA4Gn5OudI?start=35&end=80,What might the child be feeling in this situation?,The child may be feeling sad since the father will be gone.,The child will be feeling relieved because her father is gone.,Happy to feel the sunshine,Wishing she brought her swimsuit
Mike's New Car,https://www.youtube.com/embed/8leqxfsphhA?start=26&end=71,Why did Mike get a new car?,Because this car has 6 wheels.,Because Mike's old car is broken.,Because this was Mike's dream car,Because Mike didn't have a car.
Mike's New Car,https://www.youtube.com/embed/8leqxfsphhA?start=26&end=71,What color was Mike new car?,Yellow,Blue,Red,Black
Mike's New Car,https://www.youtube.com/embed/8leqxfsphhA?start=26&end=71,Is Mike happy about his new car in the beginning of the clip?,Yes he's happy about it.,No. Mike hates his new car.,Yes. But Mike is having buyer's remorse.,Mike doesn't care that he has a new car.
Mike's New Car,https://www.youtube.com/embed/8leqxfsphhA?start=26&end=71,Who drove the car?,"Mike was in the drivers seat of the car, but he hadn't driven it yet.",Sully had driven the car.,Mike drove the car,The car was self-driving.
Mike's New Car,https://www.youtube.com/embed/8leqxfsphhA?start=26&end=71,Does Sully think that Mike needed a new car?,No he didn't think he needed one,Yes. He think's Mike needs a new one for work.,Yes. He believed something was wrong with Mike's old car.,"Yes, because Mike collects cars"
Mike's New Car,https://www.youtube.com/embed/8leqxfsphhA?start=26&end=71,Why is Mike annoyed with Sully when he sits in his new car?,Because he kept messing with the seat.,Because Sully smells.,"Sully is singing aloud, annoying Mike.",Because Sully is opening and closing windows.
Mike's New Car,https://www.youtube.com/embed/8leqxfsphhA?start=26&end=71,How many wheels does Mike's new car have?,6 wheels,It has 4 wheels.,2 wheels,13 wheels
Mike's New Car,https://www.youtube.com/embed/8leqxfsphhA?start=26&end=71,What was Sully playing with when he got in Mike,He was playing with the adjustable seat.,He was playing with the stick shift,He was playing with the side mirrors.,He was playing with the radio dials
Monster-in-Law - Viola and Charlie Face-to-Face,https://www.youtube.com/embed/eB2rmMijS7w?start=95&end=163,Why does the older woman seem shocked?,She didn't know she would be the maid of honor.,She received some bad news about her husband.,She didn't know they were getting married.,She just won the lottery.
Monster-in-Law - Viola and Charlie Face-to-Face,https://www.youtube.com/embed/eB2rmMijS7w?start=95&end=163,Why did the younger woman give the older woman a box?,To give her a dress.,To give her a cake,To show her the ring.,to give her a necklace
Monster-in-Law - Viola and Charlie Face-to-Face,https://www.youtube.com/embed/eB2rmMijS7w?start=95&end=163,What did the young woman give to the older woman?,A dress.,A purse,A ring,A gold necklace
Monster-in-Law - Viola and Charlie Face-to-Face,https://www.youtube.com/embed/eB2rmMijS7w?start=95&end=163,What was the older woman wearing on her face while talking to the other woman?,Sunglasses,Nose rings.,A mask,War paint
Monster-in-Law - Viola and Charlie Face-to-Face,https://www.youtube.com/embed/eB2rmMijS7w?start=95&end=163,What did the bride ask her future mother-in-law to be in her wedding?,Matron of honor,Bridesmaid,An usher,The ring bearer
Monster-in-Law - Viola and Charlie Face-to-Face,https://www.youtube.com/embed/eB2rmMijS7w?start=95&end=163,Why was the bride giving the older woman a dress?,Because she was asking her to be the matron of honor.,She wanted her to give it to her daughter.,To hem for her bridesmaids,Because she borrowed it from the older woman and wanted to return it.
Monster-in-Law - Viola and Charlie Face-to-Face,https://www.youtube.com/embed/eB2rmMijS7w?start=95&end=163,Is the man okay with this situation?,The man is perfectly okay with the situation and wants her to be the matron of honor,He is angry and hates the idea.,"No, he is confused.",He finds it hilarious and stupid.
Monster-in-Law - Viola and Charlie Face-to-Face,https://www.youtube.com/embed/eB2rmMijS7w?start=95&end=163,What does the older lady think about this turn of events?,I think that the older woman hates her and doesn't want to wear the dress or be the matron of honor,She is upset and starts crying.,The older woman is excited about being the matron of honor.,The older woman is confused because she has never been to a wedding.
Please Stand By - Script,https://www.youtube.com/embed/dZJquokTMfg?start=0&end=52,What did the girl want the woman to read?,She wanted her to read a movie script.,The newspaper.,She wanted her to read a research paper,She wanted her to read a song
Please Stand By - Script,https://www.youtube.com/embed/dZJquokTMfg?start=0&end=52,Does Scottie want to read the script?,She probably does not want to read it.,Yes. Scottie is a huge fan of hers and will read it.,Yes. She has been reading it all along in secret.,No. She cannot understand English.
Please Stand By - Script,https://www.youtube.com/embed/dZJquokTMfg?start=0&end=52,Do you think the woman who will read the script believes it will be good?,"No, she will not think that the script will be good.","Yes, she will think the script will be the best","Yes, she would enjoy it and read it multiple times","No, she thinks the script will be too short"
Please Stand By - Script,https://www.youtube.com/embed/dZJquokTMfg?start=0&end=52,What does Scottie think of the script?,Scottie thinks the script is too long.,Scottie thinks the script is stolen,Scottie thinks it will win awards.,Scottie thinks the script isn't detailed enough
Please Stand By - Script,https://www.youtube.com/embed/dZJquokTMfg?start=0&end=52,What did the girl ask Scottie?,If she'll read her movie script.,If she'll help her write a song,If she'll help with her homework,If she'll go to dinner with her
Raymond and the Fly,https://www.youtube.com/embed/6-R-LyNrAo4?start=0&end=38,What meat dish did Debra prepare for the meal?,Chicken,Pizza,Hamburgers,Spaghetti
Raymond and the Fly,https://www.youtube.com/embed/6-R-LyNrAo4?start=0&end=38,Why did Debra say she liked Angela?,Because she complimented her cooking,Because she speaks four languages.,Because they went to elementary school together.,Because Angela helped Debra find a great investment.
Raymond and the Fly,https://www.youtube.com/embed/6-R-LyNrAo4?start=0&end=38,Why does Raymond recommend meeting their parents?,They are Italian like her parents,So they can all go shopping together.,In order to teach their parents about international trade.,They are fun people to meet.
Raymond and the Fly,https://www.youtube.com/embed/6-R-LyNrAo4?start=0&end=38,Why does Angela's date tell everyone that Angela speaks four languages?,To impress them,To make others feel inferior.,To make others want to learn more languages.,To bore them.
Raymond and the Fly,https://www.youtube.com/embed/6-R-LyNrAo4?start=0&end=38,What does Angela deal with?,International trade,Special education,The stock market,Corporate law
Raymond and the Fly,https://www.youtube.com/embed/6-R-LyNrAo4?start=0&end=38,Why does she know all those languages?,"Her parents are Italian, and she studied the other languages.",She travelled the world during school.,She grew up speaking all of the languages.,She learned the languages on her own in elementary school.
Raymond and the Fly,https://www.youtube.com/embed/6-R-LyNrAo4?start=0&end=38,How many languages does Angela speak?,Four,Three,Just English,Two. English and Spanish
Raymond and the Fly,https://www.youtube.com/embed/6-R-LyNrAo4?start=0&end=38,Why did Angela change the topic to chicken?,Because she was uncomfortable with meeting Raymond's parents.,Because the chicken didn't taste good.,Because she wanted to learn how the chicken was made.,She didn't want to talk about her job.
The Devil Wears Prada - Andy's Interview,https://www.youtube.com/embed/b2f2Kqt_KcE?start=0&end=60,What was happening between the two people?,They were having a job interview.,They were conducting a sales transaction,They were making dinner plans.,They were giving each other advice.
The Devil Wears Prada - Andy's Interview,https://www.youtube.com/embed/b2f2Kqt_KcE?start=0&end=60,What was Andy doing in an office?,Interviewing for a job,Andy wanted to buy a new outfit,Going to see her old boss.,Delivering mail.
The Devil Wears Prada - Andy's Interview,https://www.youtube.com/embed/b2f2Kqt_KcE?start=0&end=60,What did the interviewee originally come to New York to be?,A journalist,An actress,A mechanic,A banker
The Devil Wears Prada - Andy's Interview,https://www.youtube.com/embed/b2f2Kqt_KcE?start=0&end=60,"In terms of her role, who was the woman sitting at the desk?",She is the boss,She was the cashier on her break,She is the assistant.,She is the owner of the building.
The Devil Wears Prada - Andy's Interview,https://www.youtube.com/embed/b2f2Kqt_KcE?start=0&end=60,Why does the woman sitting at the desk barely look at Andy?,She believes Andy is beneath her culturally and intellectually.,She is too shy,She was looking through her resume.,She was on the phone.
The Devil Wears Prada - Andy's Interview,https://www.youtube.com/embed/b2f2Kqt_KcE?start=0&end=60,How do you think Andy feels after talking with this woman?,Defeated and insulted.,Amused.,Inspired.,Extremely hopeful she will get the job
The Devil Wears Prada - Andy's Interview,https://www.youtube.com/embed/b2f2Kqt_KcE?start=0&end=60,Does the woman at the desk think Andy would be a good fit for the company?,"No, she believes because she doesn't read or know anything about fashion she would not be good at it.",Yes because of her background in the fashion industry she would be a good fit.,"Yes, she hires her on the spot.","Yes, she was highly recommended by one of the interviewers friends."
The Devil Wears Prada - Andy's Interview,https://www.youtube.com/embed/b2f2Kqt_KcE?start=0&end=60,Does the interviewer have a high opinion of the interviewee,No. The interviewer says that the interviewee has no style or sense of fashion.,Yes she compliments her beige jacket.,There was no way of knowing.,"No, the interviewer says the interviewee is over-dressed."
The Devil Wears Prada - Andy's Interview,https://www.youtube.com/embed/b2f2Kqt_KcE?start=0&end=60,Why does Andy smile at the woman sitting at the desk?,She wants her to hire her and like her.,She thought the joke was funny,She was trying to show off her perfect teeth,She is happy.
The Lorax - Let It Grow,https://www.youtube.com/embed/DUvHO33iaxg?start=0&end=60,What is around the kid's neck?,A pair of goggles.,A wireless bluetooth ear piece.,A necklace,A whistle.
The Lorax - Let It Grow,https://www.youtube.com/embed/DUvHO33iaxg?start=0&end=60,what does everyone think about the seed the kid shows?,They are surprised and shocked.,They are bored and tired.,They are scared and terrorized.,They are angry and upset.
The Lorax - Let It Grow,https://www.youtube.com/embed/DUvHO33iaxg?start=0&end=60,What does the crowd think of Ted's speech?,The crowd feels very enthused and excited.,The crowd is mad,The crowd felt really scared.,The crowd feels bored and uninterested.
The Lorax - Let It Grow,https://www.youtube.com/embed/DUvHO33iaxg?start=0&end=60,What does Ted hold in his hand?,Ted has a seed in his hand.,He'd holding a shovel,A gold coin.,Ted holds a solar panel in his hand.
The Lorax - Let It Grow,https://www.youtube.com/embed/DUvHO33iaxg?start=0&end=60,What is Ted trying to do by speaking to the crowd?,Ted is trying to convince the crowd to plant the seed.,Trying to get them to buy something,Ted is trying to convince the crowd to cut more trees.,Ted is trying to convince the crowd to clean the water.
The Other Sister,https://www.youtube.com/embed/8W9BmJy4bDA?start=342&end=396,How did the family feel about having Carla home?,They were glad to have her back.,They were upset with her.,They were angry that she had to move back in,They didn't want to see her.
The Other Sister,https://www.youtube.com/embed/8W9BmJy4bDA?start=342&end=396,How did the family respond to Carla when she came in the front door?,"They seemed tentative, but they were happy and welcomed her.",They all ran away from her,They started yelling at her.,They were all quiet and didn't say a word
The Other Sister,https://www.youtube.com/embed/8W9BmJy4bDA?start=342&end=396,How was Carla feeling before she came through the front door?,Shy and uncertain,Angry with a mean look on her face.,Enthusiastic,Laughing like she had just heard the funniest joke.
The Other Sister,https://www.youtube.com/embed/8W9BmJy4bDA?start=342&end=396,What was the name of Carla's fish?,Tickles,Snowpuff,Nemo,Barney
The Other Sister,https://www.youtube.com/embed/8W9BmJy4bDA?start=342&end=396,Who was coming home?,Carla,Mom,Carol,Dad
The Other Sister,https://www.youtube.com/embed/8W9BmJy4bDA?start=342&end=396,What didn't Carla want taken from her?,Her coat,Her hat,Her fish.,Her dog
The Other Sister,https://www.youtube.com/embed/8W9BmJy4bDA?start=342&end=396,Who was waiting for Carla when she came in the front door?,"Jeff Reid, Mom, Dad, and the sisters",Pizza delivery guy,The Doctor,Carla's high school classmates
The Other Sister,https://www.youtube.com/embed/8W9BmJy4bDA?start=342&end=396,How was Carla feeling at the end of the clip?,Excited for her sister but put-off by people she didn't know well.,Sad like she wanted to cry.,Upset that her best friend was not there.,Sleepy like she wanted to take a nap.
The Parent Trap - The Final Trap for Meredith,https://www.youtube.com/embed/7fRbN_zs28g?start=8&end=85,What might the mother think when she wakes up?,How did I get here?,That she likes floating on the water.,It's a good day for a swim!,That she wants to go back to sleep.
The Parent Trap - The Final Trap for Meredith,https://www.youtube.com/embed/7fRbN_zs28g?start=8&end=85,What might happen to the girls after the mother wakes up?,They might get in trouble or get punished.,The mother will appreciate their efforts.,They will be asked what they want for breakfast,They may get an increase in their allowance
The Parent Trap - The Final Trap for Meredith,https://www.youtube.com/embed/7fRbN_zs28g?start=8&end=85,Why do the girls enter the tent?,to drag their mom out.,To wake up their mom.,To get some snacks,To go to sleep
The Parent Trap - The Final Trap for Meredith,https://www.youtube.com/embed/7fRbN_zs28g?start=8&end=85,Why do the girls put the air mattress on the lake?,They want to play a prank on the mother.,They want to help their mother.,To clean the dirt off it,They want to sleep on the lake
The Parent Trap - The Final Trap for Meredith,https://www.youtube.com/embed/7fRbN_zs28g?start=8&end=85,What did the twins pull out of the tent?,A woman sleeping on an air mattress.,A tree branch,A dog eating the food,A pile of laundry
The Parent Trap - The Final Trap for Meredith,https://www.youtube.com/embed/7fRbN_zs28g?start=8&end=85,What are the girls doing when dragging the woman on her bed?,Giggling and laughing.,They were crying and screaming.,The girls are out of breath and in pain,They were tripping and falling.
